숙소명,가격대,3박_2인_가격,평점,링크
Four Points Flex by Sheraton Osaka Kitahama,이코노미,₩259912,7.6,https://www.booking.com/hotel/jp/four-points-flex-by-sheraton-osaka-kitahama.ko.html?checkin=2026-05-22&checkout=2026-05-25&group_adults=2&no_rooms=1
Hotel Sanrriott Shinsaibashi,이코노미,₩261850,7.9,https://www.booking.com/hotel/jp/sanrriott-shinsaibashi-da-ban-fu-da-ban-shi.ko.html?checkin=2026-05-22&checkout=2026-05-25&group_adults=2&no_rooms=1
Seiryu Tsutenkaku,스탠다드,₩329545,8.3,https://www.booking.com/hotel/jp/seiryu-tong-tian-ge.ko.html?checkin=2026-05-22&checkout=2026-05-25&group_adults=2&no_rooms=1
QuintessaHotel Osakaumeda Comic&Books,스탠다드,₩342090,8.6,https://www.booking.com/hotel/jp/quintessahotel-osakaumeda-comic-amp-books.ko.html?checkin=2026-05-22&checkout=2026-05-25&group_adults=2&no_rooms=1
HOTEL VINE OSAKA KITAHAMA,스탠다드,₩346363,8.2,https://www.booking.com/hotel/jp/vine-osaka-kitahama.ko.html?checkin=2026-05-22&checkout=2026-05-25&group_adults=2&no_rooms=1
R Hotel Namba East,스탠다드,₩364424,8.3,https://www.booking.com/hotel/jp/r-namba-east.ko.html?checkin=2026-05-22&checkout=2026-05-25&group_adults=2&no_rooms=1
Four Points Flex by Sheraton Osaka Umeda,스탠다드,₩378468,8.0,https://www.booking.com/hotel/jp/four-points-flex-by-sheraton-osaka-umeda.ko.html?checkin=2026-05-22&checkout=2026-05-25&group_adults=2&no_rooms=1
Lantana Osaka,스탠다드,₩384943,8.3,https://www.booking.com/hotel/jp/lantana-osaka.ko.html?checkin=2026-05-22&checkout=2026-05-25&group_adults=2&no_rooms=1
Dynasty Hotel & Resort Osaka,스탠다드,₩388568,8.7,https://www.booking.com/hotel/jp/porutaingu-ting-jiu-ding-mu.ko.html?checkin=2026-05-22&checkout=2026-05-25&group_adults=2&no_rooms=1
ChaYa,스탠다드,₩393680,8.8,https://www.booking.com/hotel/jp/chaya.ko.html?checkin=2026-05-22&checkout=2026-05-25&group_adults=2&no_rooms=1
Sanco Inn Osaka Yodoyabashi,어퍼스탠다드,₩412029,8.5,https://www.booking.com/hotel/jp/sanco-inn-osaka-yodoyabashi.ko.html?checkin=2026-05-22&checkout=2026-05-25&group_adults=2&no_rooms=1
KOKO HOTEL Osaka Umeda,어퍼스탠다드,₩430998,8.0,https://www.booking.com/hotel/jp/wing-international-umeda.ko.html?checkin=2026-05-22&checkout=2026-05-25&group_adults=2&no_rooms=1
Prince Smart Inn Osaka Yodoyabashi (조식포함),어퍼스탠다드,₩433692,8.2,https://www.booking.com/hotel/jp/prince-smart-inn-osaka-yodoyabashi.ko.html?checkin=2026-05-22&checkout=2026-05-25&group_adults=2&no_rooms=1
Four Points Flex by Sheraton Osaka Shinsaibashi,어퍼스탠다드,₩446410,8.1,https://www.booking.com/hotel/jp/four-points-flex-by-sheraton-osaka-shinsaibashi.ko.html?checkin=2026-05-22&checkout=2026-05-25&group_adults=2&no_rooms=1
Comfort Hotel Shin-Osaka,어퍼스탠다드,₩451426,8.6,https://www.booking.com/hotel/jp/comfort-shin-osaka.ko.html?checkin=2026-05-22&checkout=2026-05-25&group_adults=2&no_rooms=1
Hotel Hanshin Annex Osaka,어퍼스탠다드,₩459371,8.5,https://www.booking.com/hotel/jp/hanshin-annex-osaka.ko.html?checkin=2026-05-22&checkout=2026-05-25&group_adults=2&no_rooms=1
Hotel Code Shinsaibashi,어퍼스탠다드,₩462315,8.2,https://www.booking.com/hotel/jp/code-shinsaibashi.ko.html?checkin=2026-05-22&checkout=2026-05-25&group_adults=2&no_rooms=1
The Rise Osaka Kitashinchi,어퍼스탠다드,₩464007,7.9,https://www.booking.com/hotel/jp/raizuhoteruda-ban-bei-xin-di-da-ban-fu-da-ban-shi12.ko.html?checkin=2026-05-22&checkout=2026-05-25&group_adults=2&no_rooms=1
Hotel Cordia Osaka,프리미엄,₩521209,8.9,https://www.booking.com/hotel/jp/hotel-cordia-osaka.ko.html?checkin=2026-05-22&checkout=2026-05-25&group_adults=2&no_rooms=1
Shin-Imamiya Grand F,프리미엄,₩316097,9.0,https://www.booking.com/hotel/jp/rezidensuying-jiu.ko.html?checkin=2026-05-22&checkout=2026-05-25&group_adults=2&no_rooms=1
Tokyu Stay Osaka Hommachi,프리미엄,₩636483,8.4,https://www.booking.com/hotel/jp/tokyu-stay-osaka-honmachi-osaka.ko.html?checkin=2026-05-22&checkout=2026-05-25&group_adults=2&no_rooms=1
ESLEAD HOTEL Osaka Shinsaibashi,프리미엄,₩820763,9.2,https://www.booking.com/hotel/jp/esuridohoteruda-ban-xin-zhai-qiao.ko.html?checkin=2026-05-22&checkout=2026-05-25&group_adults=2&no_rooms=1
DoubleTree by Hilton Osaka Castle,프리미엄,₩887904,8.7,https://www.booking.com/hotel/jp/doubletree-by-hilton-osaka-castle.ko.html?checkin=2026-05-22&checkout=2026-05-25&group_adults=2&no_rooms=1
Candeo Hotels Osaka The Tower,프리미엄,₩1279505,8.9,https://www.booking.com/hotel/jp/candeo-hotels-osaka-the-tower.ko.html?checkin=2026-05-22&checkout=2026-05-25&group_adults=2&no_rooms=1
